Name,Importance
TtlVal_AsrYr,0.7945322348890116
YrSold_YYYY,0.024166474300692187
Closest_Time,0.021739905777742673
YrBuilt,0.018437893190410434
GarYrBlt,0.015706300929889058
Convenience_secs,0.014618873402170815
Central_historic_feature,0.013502939103031342
TotalArea_Gar,0.012035425718875656
Closest_5,0.011918705316901392
TotalArea,0.010363919467273022
